"Data Source","World Development Indicators",

"Last Updated Date","2022-02-15",

"Country Name","Country Code","Indicator Name","Indicator Code","1960","1961","1962","1963","1964","1965","1966","1967","1968","1969","1970","1971","1972","1973","1974","1975","1976","1977","1978","1979","1980","1981","1982","1983","1984","1985","1986","1987","1988","1989","1990","1991","1992","1993","1994","1995","1996","1997","1998","1999","2000","2001","2002","2003","2004","2005","2006","2007","2008","2009","2010","2011","2012","2013","2014","2015","2016","2017","2018","2019","2020",
"Aruba","ABW","Diabetes prevalence (% of population ages 20 to 79)","SH.STA.DIAB.ZS","","","","","","","","","","","","","","","","","","","","","","","","","","","","","","","","","","","","","","","","","12.1","","","","","","","","","","","12.4","","","","","","","","","",
"Africa Eastern and Southern","AFE","Diabetes prevalence (% of population ages 20 to 79)","SH.STA.DIAB.ZS","","","","","","","","","","","","","","","","","","","","","","","","","","","","","","","","","","","","","","","","","","","","","","","","","","","","4.59767537494877","","","","","","","","","",
"Afghanistan","AFG","Diabetes prevalence (% of population ages 20 to 79)","SH.STA.DIAB.ZS","","","","","","","","","","","","","","","","","","","","","","","","","","","","","","","","","","","","","","","","","","","","","","","","","","","","7.6","","","","","","","","","",
"Africa Western and Central","AFW","Diabetes prevalence (% of population ages 20 to 79)","SH.STA.DIAB.ZS","","","","","","","","","","","","","","","","","","","","","","","","","","","","","","","","","","","","","","","","","","","","","","","","","","","","4.42009859065853","","","","","","","","","",
"Angola","AGO","Diabetes prevalence (% of population ages 20 to 79)","SH.STA.DIAB.ZS","","","","","","","","","","","","","","","","","","","","","","","","","","","","","","","","","","","","","","","","","","","","","","","","","","","","2.9","","","","","","","","","",
"Albania","ALB","Diabetes prevalence (% of population ages 20 to 79)","SH.STA.DIAB.ZS","","","","","","","","","","","","","","","","","","","","","","","","","","","","","","","","","","","","","","","","","","","","","","","","","","","","2.8","","","","","","","","","",
"Andorra","AND","Diabetes prevalence (% of population ages 20 to 79)","SH.STA.DIAB.ZS","","","","","","","","","","","","","","","","","","","","","","","","","","","","","","","","","","","","","","","","","","","","","","","","","","","","5.4","","","","","","","","","",
"Arab World","ARB","Diabetes prevalence (% of population ages 20 to 79)","SH.STA.DIAB.ZS","","","","","","","","","","","","","","","","","","","","","","","","","","","","","","","","","","","","","","","","","","","","","","","","","","","","12.0410839362572","","","","","","","","","",
"United Arab Emirates","ARE","Diabetes prevalence (% of population ages 20 to 79)","SH.STA.DIAB.ZS","","","","","","","","","","","","","","","","","","","","","","","","","","","","","","","","","","","","","","","","","","","","","","","","","","","","18.8","","","","","","","","","",
"Argentina","ARG","Diabetes prevalence (% of population ages 20 to 79)","SH.STA.DIAB.ZS","","","","","","","","","","","","","","","","","","","","","","","","","","","","","","","","","","","","","","","","","","","","","","","","","","","","5.5","","","","","","","","","",
"Armenia","ARM","Diabetes prevalence (% of population ages 20 to 79)","SH.STA.DIAB.ZS","","","","","","","","","","","","","","","","","","","","","","","","","","","","","","","","","","","","","","","","","","","","","","","","","","","","8.5","","","","","","","","","",
"American Samoa","ASM","Diabetes prevalence (% of population ages 20 to 79)","SH.STA.DIAB.ZS","","","","","","","","","","","","","","","","","","","","","","","","","","","","","","","","","","","","","","","","","","","","","","","","","","","","","","","","","","","","","",
"Antigua and Barbuda","ATG","Diabetes prevalence (% of population ages 20 to 79)","SH.STA.DIAB.ZS","","","","","","","","","","","","","","","","","","","","","","","","","","","","","","","","","","","","","","","","","","","","","","","","","","","","12.5","","","","","","","","","",
"Australia","AUS","Diabetes prevalence (% of population ages 20 to 79)","SH.STA.DIAB.ZS","","","","","","","","","","","","","","","","","","","","","","","","","","","","","","","","","","","","","","","","","0","","","","","","","","","","","6.6","","","","","","","","","",
"Austria","AUT","Diabetes prevalence (% of population ages 20 to 79)","SH.STA.DIAB.ZS","","","","","","","","","","","","","","","","","","","","","","","","","","","","","","","","","","","","","","","","","","","","","","","","","","","","6.6","","","","","","","","","",
"Azerbaijan","AZE","Diabetes prevalence (% of population ages 20 to 79)","SH.STA.DIAB.ZS","","","","","","","","","","","","","","","","","","","","","","","","","","","","","","","","","","","","","","","","","","","","","","","","","","","","2.8","","","","","","","","","",
"Burundi","BDI","Diabetes prevalence (% of population ages 20 to 79)","SH.STA.DIAB.ZS","","","","","","","","","","","","","","","","","","","","","","","","","","","","","","","","","","","","","","","","","","","","","","","","","","","","2.7","","","","","","","","","",
"Belgium","BEL","Diabetes prevalence (% of population ages 20 to 79)","SH.STA.DIAB.ZS","","","","","","","","","","","","","","","","","","","","","","","","","","","","","","","","","","","","","","","","","","","","","","","","","","","","4.8","","","","","","","","","",
"Benin","BEN","Diabetes prevalence (% of population ages 20 to 79)","SH.STA.DIAB.ZS","","","","","","","","","","","","","","","","","","","","","","","","","","","","","","","","","","","","","","","","","","","","","","","","","","","","2","","","","","","","","","",
"Burkina Faso","BFA","Diabetes prevalence (% of population ages 20 to 79)","SH.STA.DIAB.ZS","","","","","","","","","","","","","","","","","","","","","","","","","","","","","","","","","","","","","","","","","","","","","","","","","","","","3","","","","","","","","","",
"Bangladesh","BGD","Diabetes prevalence (% of population ages 20 to 79)","SH.STA.DIAB.ZS","","","","","","","","","","","","","","","","","","","","","","","","","","","","","","","","","","","","","","","","","","","","","","","","","","","","10.5","","","","","","","","","",
"Bulgaria","BGR","Diabetes prevalence (% of population ages 20 to 79)","SH.STA.DIAB.ZS","","","","","","","","","","","","","","","","","","","","","","","","","","","","","","","","","","","","","","","","","","","","","","","","","","","","6.7","","","","","","","","","",
"Bahrain","BHR","Diabetes prevalence (% of population ages 20 to 79)","SH.STA.DIAB.ZS","","","","","","","","","","","","","","","","","","","","","","","","","","","","","","","","","","","","","","","","","14.8","","","","","","","","","","","19.5","","","","","","","","","",
"Bahamas, The","BHS","Diabetes prevalence (% of population ages 20 to 79)","SH.STA.DIAB.ZS","","","","","","","","","","","","","","","","","","","","","","","","","","","","","","","","","","","","","","","","","","","","","","","","","","","","12.1","","","","","","","","","",
"Bosnia and Herzegovina","BIH","Diabetes prevalence (% of population ages 20 to 79)","SH.STA.DIAB.ZS","","","","","","","","","","","","","","","","","","","","","","","","","","","","","","","","","","","","","","","","","","","","","","","","","","","","7.5","","","","","","","","","",
"Belarus","BLR","Diabetes prevalence (% of population ages 20 to 79)","SH.STA.DIAB.ZS","","","","","","","","","","","","","","","","","","","","","","","","","","","","","","","","","","","","","","","","","","","","","","","","","","","","8","","","","","","","","","",
"Belize","BLZ","Diabetes prevalence (% of population ages 20 to 79)","SH.STA.DIAB.ZS","","","","","","","","","","","","","","","","","","","","","","","","","","","","","","","","","","","","","","","","","","","","","","","","","","","","17","","","","","","","","","",
"Bermuda","BMU","Diabetes prevalence (% of population ages 20 to 79)","SH.STA.DIAB.ZS","","","","","","","","","","","","","","","","","","","","","","","","","","","","","","","","","","","","","","","","","12.1","","","","","","","","","","","12","","","","","","","","","",
"Bolivia","BOL","Diabetes prevalence (% of population ages 20 to 79)","SH.STA.DIAB.ZS","","","","","","","","","","","","","","","","","","","","","","","","","","","","","","","","","","","","","","","","","","","","","","","","","","","","6.6","","","","","","","","","",
"Brazil","BRA","Diabetes prevalence (% of population ages 20 to 79)","SH.STA.DIAB.ZS","","","","","","","","","","","","","","","","","","","","","","","","","","","","","","","","","","","","","","","","","","","","","","","","","","","","10.1","","","","","","","","","",
"Barbados","BRB","Diabetes prevalence (% of population ages 20 to 79)","SH.STA.DIAB.ZS","","","","","","","","","","","","","","","","","","","","","","","","","","","","","","","","","","","","","","","","","13.2","","","","","","","","","","","12.4","","","","","","","","","",
"Brunei Darussalam","BRN","Diabetes prevalence (% of population ages 20 to 79)","SH.STA.DIAB.ZS","","","","","","","","","","","","","","","","","","","","","","","","","","","","","","","","","","","","","","","","","","","","","","","","","","","","9.4","","","","","","","","","",
"Bhutan","BTN","Diabetes prevalence (% of population ages 20 to 79)","SH.STA.DIAB.ZS","","","","","","","","","","","","","","","","","","","","","","","","","","","","","","","","","","","","","","","","","","","","","","","","","","","","5.7","","","","","","","","","",
"Botswana","BWA","Diabetes prevalence (% of population ages 20 to 79)","SH.STA.DIAB.ZS","","","","","","","","","","","","","","","","","","","","","","","","","","","","","","","","","","","","","","","","","","","","","","","","","","","","10.8","","","","","","","","","",
"Central African Republic","CAF","Diabetes prevalence (% of population ages 20 to 79)","SH.STA.DIAB.ZS","","","","","","","","","","","","","","","","","","","","","","","","","","","","","","","","","","","","","","","","","","","","","","","","","","","","3.2","","","","","","","","","",
"Canada","CAN","Diabetes prevalence (% of population ages 20 to 79)","SH.STA.DIAB.ZS","","","","","","","","","","","","","","","","","","","","","","","","","","","","","","","","","","","","","","","","","","","","","","","","","","","","8.4","","","","","","","","","",
"Central Europe and the Baltics","CEB","Diabetes prevalence (% of population ages 20 to 79)","SH.STA.DIAB.ZS","","","","","","","","","","","","","","","","","","","","","","","","","","","","","","","","","","","","","","","","","","","","","","","","","","","","7.48205510064571","","","","","","","","","",
"Switzerland","CHE","Diabetes prevalence (% of population ages 20 to 79)","SH.STA.DIAB.ZS","","","","","","","","","","","","","","","","","","","","","","","","","","","","","","","","","","","","","","","","","","","","","","","","","","","","5.9","","","","","","","","","",
"Channel Islands","CHI","Diabetes prevalence (% of population ages 20 to 79)","SH.STA.DIAB.ZS","","","","","","","","","","","","","","","","","","","","","","","","","","","","","","","","","","","","","","","","","","","","","","","","","","","","4.9","","","","","","","","","",
"Chile","CHL","Diabetes prevalence (% of population ages 20 to 79)","SH.STA.DIAB.ZS","","","","","","","","","","","","","","","","","","","","","","","","","","","","","","","","","","","","","","","","","","","","","","","","","","","","9.5","","","","","","","","","",
"China","CHN","Diabetes prevalence (% of population ages 20 to 79)","SH.STA.DIAB.ZS","","","","","","","","","","","","","","","","","","","","","","","","","","","","","","","","","","","","","","","","","","","","","","","","","","","","8.8","","","","","","","","","",
"Cote d'Ivoire","CIV","Diabetes prevalence (% of population ages 20 to 79)","SH.STA.DIAB.ZS","","","","","","","","","","","","","","","","","","","","","","","","","","","","","","","","","","","","","","","","","","","","","","","","","","","","4.9","","","","","","","","","",
"Cameroon","CMR","Diabetes prevalence (% of population ages 20 to 79)","SH.STA.DIAB.ZS","","","","","","","","","","","","","","","","","","","","","","","","","","","","","","","","","","","","","","","","","0","","","","","","","","","","","6.1","","","","","","","","","",
"Congo, Dem. Rep.","COD","Diabetes prevalence (% of population ages 20 to 79)","SH.STA.DIAB.ZS","","","","","","","","","","","","","","","","","","","","","","","","","","","","","","","","","","","","","","","","","","","","","","","","","","","","3.1","","","","","","","","","",
"Congo, Rep.","COG","Diabetes prevalence (% of population ages 20 to 79)","SH.STA.DIAB.ZS","","","","","","","","","","","","","","","","","","","","","","","","","","","","","","","","","","","","","","","","","","","","","","","","","","","","5.5","","","","","","","","","",
"Colombia","COL","Diabetes prevalence (% of population ages 20 to 79)","SH.STA.DIAB.ZS","","","","","","","","","","","","","","","","","","","","","","","","","","","","","","","","","","","","","","","","","","","","","","","","","","","","9.8","","","","","","","","","",
"Comoros","COM","Diabetes prevalence (% of population ages 20 to 79)","SH.STA.DIAB.ZS","","","","","","","","","","","","","","","","","","","","","","","","","","","","","","","","","","","","","","","","","","","","","","","","","","","","8.4","","","","","","","","","",
"Cabo Verde","CPV","Diabetes prevalence (% of population ages 20 to 79)","SH.STA.DIAB.ZS","","","","","","","","","","","","","","","","","","","","","","","","","","","","","","","","","","","","","","","","","","","","","","","","","","","","5.4","","","","","","","","","",
"Costa Rica","CRI","Diabetes prevalence (% of population ages 20 to 79)","SH.STA.DIAB.ZS","","","","","","","","","","","","","","","","","","","","","","","","","","","","","","","","","","","","","","","","","","","","","","","","","","","","9.6","","","","","","","","","",
"Caribbean small states","CSS","Diabetes prevalence (% of population ages 20 to 79)","SH.STA.DIAB.ZS","","","","","","","","","","","","","","","","","","","","","","","","","","","","","","","","","","","","","","","","","","","","","","","","","","","","13.9340849406634","","","","","","","","","",
"Cuba","CUB","Diabetes prevalence (% of population ages 20 to 79)","SH.STA.DIAB.ZS","","","","","","","","","","","","","","","","","","","","","","","","","","","","","","","","","","","","","","","","","","","","","","","","","","","","9.4","","","","","","","","","",
"Curacao","CUW","Diabetes prevalence (% of population ages 20 to 79)","SH.STA.DIAB.ZS","","","","","","","","","","","","","","","","","","","","","","","","","","","","","","","","","","","","","","","","","","","","","","","","","","","","","","","","","","","","","",
"Cayman Islands","CYM","Diabetes prevalence (% of population ages 20 to 79)","SH.STA.DIAB.ZS","","","","","","","","","","","","","","","","","","","","","","","","","","","","","","","","","","","","","","","","","12.1","","","","","","","","","","","12","","","","","","","","","",
"Cyprus","CYP","Diabetes prevalence (% of population ages 20 to 79)","SH.STA.DIAB.ZS","","","","","","","","","","","","","","","","","","","","","","","","","","","","","","","","","","","","","","","","","","","","","","","","","","","","9.3","","","","","","","","","",
"Czech Republic","CZE","Diabetes prevalence (% of population ages 20 to 79)","SH.STA.DIAB.ZS","","","","","","","","","","","","","","","","","","","","","","","","","","","","","","","","","","","","","","","","","11.7","","","","","","","","","","","5.3","","","","","","","","","",
"Germany","DEU","Diabetes prevalence (% of population ages 20 to 79)","SH.STA.DIAB.ZS","","","","","","","","","","","","","","","","","","","","","","","","","","","","","","","","","","","","","","","","","","","","","","","","","","","","5.3","","","","","","","","","",
"Djibouti","DJI","Diabetes prevalence (% of population ages 20 to 79)","SH.STA.DIAB.ZS","","","","","","","","","","","","","","","","","","","","","","","","","","","","","","","","","","","","","","","","","","","","","","","","","","","","6.3","","","","","","","","","",
"Dominica","DMA","Diabetes prevalence (% of population ages 20 to 79)","SH.STA.DIAB.ZS","","","","","","","","","","","","","","","","","","","","","","","","","","","","","","","","","","","","","","","","","","","","","","","","","","","","8.9","","","","","","","","","",
"Denmark","DNK","Diabetes prevalence (% of population ages 20 to 79)","SH.STA.DIAB.ZS","","","","","","","","","","","","","","","","","","","","","","","","","","","","","","","","","","","","","","","","","","","","","","","","","","","","5.6","","","","","","","","","",
"Dominican Republic","DOM","Diabetes prevalence (% of population ages 20 to 79)","SH.STA.DIAB.ZS","","","","","","","","","","","","","","","","","","","","","","","","","","","","","","","","","","","","","","","","","","","","","","","","","","","","8.1","","","","","","","","","",
"Algeria","DZA","Diabetes prevalence (% of population ages 20 to 79)","SH.STA.DIAB.ZS","","","","","","","","","","","","","","","","","","","","","","","","","","","","","","","","","","","","","","","","","","","","","","","","","","","","7","","","","","","","","","",
"East Asia & Pacific (excluding high income)","EAP","Diabetes prevalence (% of population ages 20 to 79)","SH.STA.DIAB.ZS","","","","","","","","","","","","","","","","","","","","","","","","","","","","","","","","","","","","","","","","","","","","","","","","","","","","8.07541255709234","","","","","","","","","",
"Early-demographic dividend","EAR","Diabetes prevalence (% of population ages 20 to 79)","SH.STA.DIAB.ZS","","","","","","","","","","","","","","","","","","","","","","","","","","","","","","","","","","","","","","","","","","","","","","","","","","","","8.8177745667741","","","","","","","","","",
"East Asia & Pacific","EAS","Diabetes prevalence (% of population ages 20 to 79)","SH.STA.DIAB.ZS","","","","","","","","","","","","","","","","","","","","","","","","","","","","","","","","","","","","","","","","","","","","","","","","","","","","8.02849942045253","","","","","","","","","",
"Europe & Central Asia (excluding high income)","ECA","Diabetes prevalence (% of population ages 20 to 79)","SH.STA.DIAB.ZS","","","","","","","","","","","","","","","","","","","","","","","","","","","","","","","","","","","","","","","","","","","","","","","","","","","","7.48741580429416","","","","","","","","","",
"Europe & Central Asia","ECS","Diabetes prevalence (% of population ages 20 to 79)","SH.STA.DIAB.ZS","","","","","","","","","","","","","","","","","","","","","","","","","","","","","","","","","","","","","","","","","","","","","","","","","","","","6.54732499212877","","","","","","","","","",
"Ecuador","ECU","Diabetes prevalence (% of population ages 20 to 79)","SH.STA.DIAB.ZS","","","","","","","","","","","","","","","","","","","","","","","","","","","","","","","","","","","","","","","","","","","","","","","","","","","","6.6","","","","","","","","","",
"Egypt, Arab Rep.","EGY","Diabetes prevalence (% of population ages 20 to 79)","SH.STA.DIAB.ZS","","","","","","","","","","","","","","","","","","","","","","","","","","","","","","","","","","","","","","","","","","","","","","","","","","","","16.6","","","","","","","","","",
"Euro area","EMU","Diabetes prevalence (% of population ages 20 to 79)","SH.STA.DIAB.ZS","","","","","","","","","","","","","","","","","","","","","","","","","","","","","","","","","","","","","","","","","","","","","","","","","","","","5.65468664848936","","","","","","","","","",
"Eritrea","ERI","Diabetes prevalence (% of population ages 20 to 79)","SH.STA.DIAB.ZS","","","","","","","","","","","","","","","","","","","","","","","","","","","","","","","","","","","","","","","","","","","","","","","","","","","","3.6","","","","","","","","","",
"Spain","ESP","Diabetes prevalence (% of population ages 20 to 79)","SH.STA.DIAB.ZS","","","","","","","","","","","","","","","","","","","","","","","","","","","","","","","","","","","","","","","","","","","","","","","","","","","","6.3","","","","","","","","","",
"Estonia","EST","Diabetes prevalence (% of population ages 20 to 79)","SH.STA.DIAB.ZS","","","","","","","","","","","","","","","","","","","","","","","","","","","","","","","","","","","","","","","","","","","","","","","","","","","","7","","","","","","","","","",
"Ethiopia","ETH","Diabetes prevalence (% of population ages 20 to 79)","SH.STA.DIAB.ZS","","","","","","","","","","","","","","","","","","","","","","","","","","","","","","","","","","","","","","","","","","","","","","","","","","","","3.4","","","","","","","","","",
"European Union","EUU","Diabetes prevalence (% of population ages 20 to 79)","SH.STA.DIAB.ZS","","","","","","","","","","","","","","","","","","","","","","","","","","","","","","","","","","","","","","","","","","","","","","","","","","","","6.0186977688377","","","","","","","","","",
"Fragile and conflict affected situations","FCS","Diabetes prevalence (% of population ages 20 to 79)","SH.STA.DIAB.ZS","","","","","","","","","","","","","","","","","","","","","","","","","","","","","","","","","","","","","","","","","","","","","","","","","","","","5.93839037536679","","","","","","","","","",
"Finland","FIN","Diabetes prevalence (% of population ages 20 to 79)","SH.STA.DIAB.ZS","","","","","","","","","","","","","","","","","","","","","","","","","","","","","","","","","","","","","","","","","","","","","","","","","","","","5.8","","","","","","","","","",
"Fiji","FJI","Diabetes prevalence (% of population ages 20 to 79)","SH.STA.DIAB.ZS","","","","","","","","","","","","","","","","","","","","","","","","","","","","","","","","","","","","","","","","","","","","","","","","","","","","10.9","","","","","","","","","",
"France","FRA","Diabetes prevalence (% of population ages 20 to 79)","SH.STA.DIAB.ZS","","","","","","","","","","","","","","","","","","","","","","","","","","","","","","","","","","","","","","","","","","","","","","","","","","","","5.4","","","","","","","","","",
"Faroe Islands","FRO","Diabetes prevalence (% of population ages 20 to 79)","SH.STA.DIAB.ZS","","","","","","","","","","","","","","","","","","","","","","","","","","","","","","","","","","","","","","","","","","","","","","","","","","","","","","","","","","","","","",
"Micronesia, Fed. Sts.","FSM","Diabetes prevalence (% of population ages 20 to 79)","SH.STA.DIAB.ZS","","","","","","","","","","","","","","","","","","","","","","","","","","","","","","","","","","","","","","","","","","","","","","","","","","","","15.7","","","","","","","","","",
"Gabon","GAB","Diabetes prevalence (% of population ages 20 to 79)","SH.STA.DIAB.ZS","","","","","","","","","","","","","","","","","","","","","","","","","","","","","","","","","","","","","","","","","","","","","","","","","","","","10.3","","","","","","","","","",
"United Kingdom","GBR","Diabetes prevalence (% of population ages 20 to 79)","SH.STA.DIAB.ZS","","","","","","","","","","","","","","","","","","","","","","","","","","","","","","","","","","","","","","","","","","","","","","","","","","","","5.2","","","","","","","","","",
"Georgia","GEO","Diabetes prevalence (% of population ages 20 to 79)","SH.STA.DIAB.ZS","","","","","","","","","","","","","","","","","","","","","","","","","","","","","","","","","","","","","","","","","","","","","","","","","","","","2.8","","","","","","","","","",
"Ghana","GHA","Diabetes prevalence (% of population ages 20 to 79)","SH.STA.DIAB.ZS","","","","","","","","","","","","","","","","","","","","","","","","","","","","","","","","","","","","","","","","","","","","","","","","","","","","5","","","","","","","","","",
"Gibraltar","GIB","Diabetes prevalence (% of population ages 20 to 79)","SH.STA.DIAB.ZS","","","","","","","","","","","","","","","","","","","","","","","","","","","","","","","","","","","","","","","","","","","","","","","","","","","","","","","","","","","","","",
"Guinea","GIN","Diabetes prevalence (% of population ages 20 to 79)","SH.STA.DIAB.ZS","","","","","","","","","","","","","","","","","","","","","","","","","","","","","","","","","","","","","","","","","","","","","","","","","","","","4.4","","","","","","","","","",
"Gambia, The","GMB","Diabetes prevalence (% of population ages 20 to 79)","SH.STA.DIAB.ZS","","","","","","","","","","","","","","","","","","","","","","","","","","","","","","","","","","","","","","","","","","","","","","","","","","","","2","","","","","","","","","",
"Guinea-Bissau","GNB","Diabetes prevalence (% of population ages 20 to 79)","SH.STA.DIAB.ZS","","","","","","","","","","","","","","","","","","","","","","","","","","","","","","","","","","","","","","","","","","","","","","","","","","","","3","","","","","","","","","",
"Equatorial Guinea","GNQ","Diabetes prevalence (% of population ages 20 to 79)","SH.STA.DIAB.ZS","","","","","","","","","","","","","","","","","","","","","","","","","","","","","","","","","","","","","","","","","","","","","","","","","","","","4.2","","","","","","","","","",
"Greece","GRC","Diabetes prevalence (% of population ages 20 to 79)","SH.STA.DIAB.ZS","","","","","","","","","","","","","","","","","","","","","","","","","","","","","","","","","","","","","","","","","","","","","","","","","","","","5.1","","","","","","","","","",
"Grenada","GRD","Diabetes prevalence (% of population ages 20 to 79)","SH.STA.DIAB.ZS","","","","","","","","","","","","","","","","","","","","","","","","","","","","","","","","","","","","","","","","","12.1","","","","","","","","","","","8.6","","","","","","","","","",
"Greenland","GRL","Diabetes prevalence (% of population ages 20 to 79)","SH.STA.DIAB.ZS","","","","","","","","","","","","","","","","","","","","","","","","","","","","","","","","","","","","","","","","","","","","","","","","","","","","","","","","","","","","","",
"Guatemala","GTM","Diabetes prevalence (% of population ages 20 to 79)","SH.STA.DIAB.ZS","","","","","","","","","","","","","","","","","","","","","","","","","","","","","","","","","","","","","","","","","","","","","","","","","","","","9.3","","","","","","","","","",
"Guam","GUM","Diabetes prevalence (% of population ages 20 to 79)","SH.STA.DIAB.ZS","","","","","","","","","","","","","","","","","","","","","","","","","","","","","","","","","","","","","","","","","","","","","","","","","","","","8.6","","","","","","","","","",
"Guyana","GUY","Diabetes prevalence (% of population ages 20 to 79)","SH.STA.DIAB.ZS","","","","","","","","","","","","","","","","","","","","","","","","","","","","","","","","","","","","","","","","","","","","","","","","","","","","16.7","","","","","","","","","",
"High income","HIC","Diabetes prevalence (% of population ages 20 to 79)","SH.STA.DIAB.ZS","","","","","","","","","","","","","","","","","","","","","","","","","","","","","","","","","","","","","","","","","","","","","","","","","","","","7.8057347641784","","","","","","","","","",
"Hong Kong SAR, China","HKG","Diabetes prevalence (% of population ages 20 to 79)","SH.STA.DIAB.ZS","","","","","","","","","","","","","","","","","","","","","","","","","","","","","","","","","","","","","","","","","12.1","","","","","","","","","","","7.6","","","","","","","","","",
"Honduras","HND","Diabetes prevalence (% of population ages 20 to 79)","SH.STA.DIAB.ZS","","","","","","","","","","","","","","","","","","","","","","","","","","","","","","","","","","","","","","","","","","","","","","","","","","","","6.7","","","","","","","","","",
"Heavily indebted poor countries (HIPC)","HPC","Diabetes prevalence (% of population ages 20 to 79)","SH.STA.DIAB.ZS","","","","","","","","","","","","","","","","","","","","","","","","","","","","","","","","","","","","","","","","","","","","","","","","","","","","4.36838109482696","","","","","","","","","",
"Croatia","HRV","Diabetes prevalence (% of population ages 20 to 79)","SH.STA.DIAB.ZS","","","","","","","","","","","","","","","","","","","","","","","","","","","","","","","","","","","","","","","","","","","","","","","","","","","","5.2","","","","","","","","","",
"Haiti","HTI","Diabetes prevalence (% of population ages 20 to 79)","SH.STA.DIAB.ZS","","","","","","","","","","","","","","","","","","","","","","","","","","","","","","","","","","","","","","","","","","","","","","","","","","","","6.6","","","","","","","","","",
"Hungary","HUN","Diabetes prevalence (% of population ages 20 to 79)","SH.STA.DIAB.ZS","","","","","","","","","","","","","","","","","","","","","","","","","","","","","","","","","","","","","","","","","","","","","","","","","","","","6","","","","","","","","","",
"IBRD only","IBD","Diabetes prevalence (% of population ages 20 to 79)","SH.STA.DIAB.ZS","","","","","","","","","","","","","","","","","","","","","","","","","","","","","","","","","","","","","","","","","","","","","","","","","","","","8.76722079767533","","","","","","","","","",
"IDA & IBRD total","IBT","Diabetes prevalence (% of population ages 20 to 79)","SH.STA.DIAB.ZS","","","","","","","","","","","","","","","","","","","","","","","","","","","","","","","","","","","","","","","","","","","","","","","","","","","","8.24042261822512","","","","","","","","","",
"IDA total","IDA","Diabetes prevalence (% of population ages 20 to 79)","SH.STA.DIAB.ZS","","","","","","","","","","","","","","","","","","","","","","","","","","","","","","","","","","","","","","","","","","","","","","","","","","","","6.09365250415358","","","","","","","","","",
"IDA blend","IDB","Diabetes prevalence (% of population ages 20 to 79)","SH.STA.DIAB.ZS","","","","","","","","","","","","","","","","","","","","","","","","","","","","","","","","","","","","","","","","","","","","","","","","","","","","6.4856730477007","","","","","","","","","",
"Indonesia","IDN","Diabetes prevalence (% of population ages 20 to 79)","SH.STA.DIAB.ZS","","","","","","","","","","","","","","","","","","","","","","","","","","","","","","","","","","","","","","","","","","","","","","","","","","","","5.1","","","","","","","","","",
"IDA only","IDX","Diabetes prevalence (% of population ages 20 to 79)","SH.STA.DIAB.ZS","","","","","","","","","","","","","","","","","","","","","","","","","","","","","","","","","","","","","","","","","","","","","","","","","","","","5.89200935105988","","","","","","","","","",
"Isle of Man","IMN","Diabetes prevalence (% of population ages 20 to 79)","SH.STA.DIAB.ZS","","","","","","","","","","","","","","","","","","","","","","","","","","","","","","","","","","","","","","","","","","","","","","","","","","","","","","","","","","","","","",
"India","IND","Diabetes prevalence (% of population ages 20 to 79)","SH.STA.DIAB.ZS","","","","","","","","","","","","","","","","","","","","","","","","","","","","","","","","","","","","","","","","","","","","","","","","","","","","9","","","","","","","","","",
"Not classified","INX","Diabetes prevalence (% of population ages 20 to 79)","SH.STA.DIAB.ZS","","","","","","","","","","","","","","","","","","","","","","","","","","","","","","","","","","","","","","","","","","","","","","","","","","","","","","","","","","","","","",
"Ireland","IRL","Diabetes prevalence (% of population ages 20 to 79)","SH.STA.DIAB.ZS","","","","","","","","","","","","","","","","","","","","","","","","","","","","","","","","","","","","","","","","","","","","","","","","","","","","5.2","","","","","","","","","",
"Iran, Islamic Rep.","IRN","Diabetes prevalence (% of population ages 20 to 79)","SH.STA.DIAB.ZS","","","","","","","","","","","","","","","","","","","","","","","","","","","","","","","","","","","","","","","","","","","","","","","","","","","","11.1","","","","","","","","","",
"Iraq","IRQ","Diabetes prevalence (% of population ages 20 to 79)","SH.STA.DIAB.ZS","","","","","","","","","","","","","","","","","","","","","","","","","","","","","","","","","","","","","","","","","","","","","","","","","","","","9.1","","","","","","","","","",
"Iceland","ISL","Diabetes prevalence (% of population ages 20 to 79)","SH.STA.DIAB.ZS","","","","","","","","","","","","","","","","","","","","","","","","","","","","","","","","","","","","","","","","","","","","","","","","","","","","3.2","","","","","","","","","",
"Israel","ISR","Diabetes prevalence (% of population ages 20 to 79)","SH.STA.DIAB.ZS","","","","","","","","","","","","","","","","","","","","","","","","","","","","","","","","","","","","","","","","","","","","","","","","","","","","7.4","","","","","","","","","",
"Italy","ITA","Diabetes prevalence (% of population ages 20 to 79)","SH.STA.DIAB.ZS","","","","","","","","","","","","","","","","","","","","","","","","","","","","","","","","","","","","","","","","","","","","","","","","","","","","5.1","","","","","","","","","",
"Jamaica","JAM","Diabetes prevalence (% of population ages 20 to 79)","SH.STA.DIAB.ZS","","","","","","","","","","","","","","","","","","","","","","","","","","","","","","","","","","","","","","","","","","","","","","","","","","","","15.7","","","","","","","","","",
"Jordan","JOR","Diabetes prevalence (% of population ages 20 to 79)","SH.STA.DIAB.ZS","","","","","","","","","","","","","","","","","","","","","","","","","","","","","","","","","","","","","","","","","","","","","","","","","","","","12.1","","","","","","","","","",
"Japan","JPN","Diabetes prevalence (% of population ages 20 to 79)","SH.STA.DIAB.ZS","","","","","","","","","","","","","","","","","","","","","","","","","","","","","","","","","","","","","","","","","","","","","","","","","","","","7.7","","","","","","","","","",
"Kazakhstan","KAZ","Diabetes prevalence (% of population ages 20 to 79)","SH.STA.DIAB.ZS","","","","","","","","","","","","","","","","","","","","","","","","","","","","","","","","","","","","","","","","","","","","","","","","","","","","7.7","","","","","","","","","",
"Kenya","KEN","Diabetes prevalence (% of population ages 20 to 79)","SH.STA.DIAB.ZS","","","","","","","","","","","","","","","","","","","","","","","","","","","","","","","","","","","","","","","","","","","","","","","","","","","","5.1","","","","","","","","","",
"Kyrgyz Republic","KGZ","Diabetes prevalence (% of population ages 20 to 79)","SH.STA.DIAB.ZS","","","","","","","","","","","","","","","","","","","","","","","","","","","","","","","","","","","","","","","","","","","","","","","","","","","","6.3","","","","","","","","","",
"Cambodia","KHM","Diabetes prevalence (% of population ages 20 to 79)","SH.STA.DIAB.ZS","","","","","","","","","","","","","","","","","","","","","","","","","","","","","","","","","","","","","","","","","","","","","","","","","","","","2.9","","","","","","","","","",
"Kiribati","KIR","Diabetes prevalence (% of population ages 20 to 79)","SH.STA.DIAB.ZS","","","","","","","","","","","","","","","","","","","","","","","","","","","","","","","","","","","","","","","","","","","","","","","","","","","","25.3","","","","","","","","","",
"St. Kitts and Nevis","KNA","Diabetes prevalence (% of population ages 20 to 79)","SH.STA.DIAB.ZS","","","","","","","","","","","","","","","","","","","","","","","","","","","","","","","","","","","","","","","","","12.1","","","","","","","","","","","8.5","","","","","","","","","",
"Korea, Rep.","KOR","Diabetes prevalence (% of population ages 20 to 79)","SH.STA.DIAB.ZS","","","","","","","","","","","","","","","","","","","","","","","","","","","","","","","","","","","","","","","","","","","","","","","","","","","","7.5","","","","","","","","","",
"Kuwait","KWT","Diabetes prevalence (% of population ages 20 to 79)","SH.STA.DIAB.ZS","","","","","","","","","","","","","","","","","","","","","","","","","","","","","","","","","","","","","","","","","","","","","","","","","","","","20.7","","","","","","","","","",
"Latin America & Caribbean (excluding high income)","LAC","Diabetes prevalence (% of population ages 20 to 79)","SH.STA.DIAB.ZS","","","","","","","","","","","","","","","","","","","","","","","","","","","","","","","","","","","","","","","","","","","","","","","","","","","","10.3152937145055","","","","","","","","","",
"Lao PDR","LAO","Diabetes prevalence (% of population ages 20 to 79)","SH.STA.DIAB.ZS","","","","","","","","","","","","","","","","","","","","","","","","","","","","","","","","","","","","","","","","","","","","","","","","","","","","3.3","","","","","","","","","",
"Lebanon","LBN","Diabetes prevalence (% of population ages 20 to 79)","SH.STA.DIAB.ZS","","","","","","","","","","","","","","","","","","","","","","","","","","","","","","","","","","","","","","","","","","","","","","","","","","","","19.6","","","","","","","","","",
"Liberia","LBR","Diabetes prevalence (% of population ages 20 to 79)","SH.STA.DIAB.ZS","","","","","","","","","","","","","","","","","","","","","","","","","","","","","","","","","","","","","","","","","","","","","","","","","","","","3.3","","","","","","","","","",
"Libya","LBY","Diabetes prevalence (% of population ages 20 to 79)","SH.STA.DIAB.ZS","","","","","","","","","","","","","","","","","","","","","","","","","","","","","","","","","","","","","","","","","","","","","","","","","","","","13.8","","","","","","","","","",
"St. Lucia","LCA","Diabetes prevalence (% of population ages 20 to 79)","SH.STA.DIAB.ZS","","","","","","","","","","","","","","","","","","","","","","","","","","","","","","","","","","","","","","","","","","","","","","","","","","","","8.4","","","","","","","","","",
"Latin America & Caribbean","LCN","Diabetes prevalence (% of population ages 20 to 79)","SH.STA.DIAB.ZS","","","","","","","","","","","","","","","","","","","","","","","","","","","","","","","","","","","","","","","","","","","","","","","","","","","","10.2837930159292","","","","","","","","","",
"Least developed countries: UN classification","LDC","Diabetes prevalence (% of population ages 20 to 79)","SH.STA.DIAB.ZS","","","","","","","","","","","","","","","","","","","","","","","","","","","","","","","","","","","","","","","","","","","","","","","","","","","","5.68879405428068","","","","","","","","","",
"Low income","LIC","Diabetes prevalence (% of population ages 20 to 79)","SH.STA.DIAB.ZS","","","","","","","","","","","","","","","","","","","","","","","","","","","","","","","","","","","","","","","","","","","","","","","","","","","","4.93790694158608","","","","","","","","","",
"Liechtenstein","LIE","Diabetes prevalence (% of population ages 20 to 79)","SH.STA.DIAB.ZS","","","","","","","","","","","","","","","","","","","","","","","","","","","","","","","","","","","","","","","","","","","","","","","","","","","","4.7","","","","","","","","","",
"Sri Lanka","LKA","Diabetes prevalence (% of population ages 20 to 79)","SH.STA.DIAB.ZS","","","","","","","","","","","","","","","","","","","","","","","","","","","","","","","","","","","","","","","","","","","","","","","","","","","","7.5","","","","","","","","","",
"Lower middle income","LMC","Diabetes prevalence (% of population ages 20 to 79)","SH.STA.DIAB.ZS","","","","","","","","","","","","","","","","","","","","","","","","","","","","","","","","","","","","","","","","","","","","","","","","","","","","7.90347719079536","","","","","","","","","",
"Low & middle income","LMY","Diabetes prevalence (% of population ages 20 to 79)","SH.STA.DIAB.ZS","","","","","","","","","","","","","","","","","","","","","","","","","","","","","","","","","","","","","","","","","","","","","","","","","","","","8.2276130017134","","","","","","","","","",
"Lesotho","LSO","Diabetes prevalence (% of population ages 20 to 79)","SH.STA.DIAB.ZS","","","","","","","","","","","","","","","","","","","","","","","","","","","","","","","","","","","","","","","","","","","","","","","","","","","","3.4","","","","","","","","","",
"Late-demographic dividend","LTE","Diabetes prevalence (% of population ages 20 to 79)","SH.STA.DIAB.ZS","","","","","","","","","","","","","","","","","","","","","","","","","","","","","","","","","","","","","","","","","","","","","","","","","","","","8.76246384972649","","","","","","","","","",
"Lithuania","LTU","Diabetes prevalence (% of population ages 20 to 79)","SH.STA.DIAB.ZS","","","","","","","","","","","","","","","","","","","","","","","","","","","","","","","","","","","","","","","","","","","","","","","","","","","","7.8","","","","","","","","","",
"Luxembourg","LUX","Diabetes prevalence (% of population ages 20 to 79)","SH.STA.DIAB.ZS","","","","","","","","","","","","","","","","","","","","","","","","","","","","","","","","","","","","","","","","","","","","","","","","","","","","4.5","","","","","","","","","",
"Latvia","LVA","Diabetes prevalence (% of population ages 20 to 79)","SH.STA.DIAB.ZS","","","","","","","","","","","","","","","","","","","","","","","","","","","","","","","","","","","","","","","","","","","","","","","","","","","","7.8","","","","","","","","","",
"Macao SAR, China","MAC","Diabetes prevalence (% of population ages 20 to 79)","SH.STA.DIAB.ZS","","","","","","","","","","","","","","","","","","","","","","","","","","","","","","","","","","","","","","","","","","","","","","","","","","","","7.2","","","","","","","","","",
"St. Martin (French part)","MAF","Diabetes prevalence (% of population ages 20 to 79)","SH.STA.DIAB.ZS","","","","","","","","","","","","","","","","","","","","","","","","","","","","","","","","","","","","","","","","","","","","","","","","","","","","","","","","","","","","","",
"Morocco","MAR","Diabetes prevalence (% of population ages 20 to 79)","SH.STA.DIAB.ZS","","","","","","","","","","","","","","","","","","","","","","","","","","","","","","","","","","","","","","","","","","","","","","","","","","","","6.8","","","","","","","","","",
"Monaco","MCO","Diabetes prevalence (% of population ages 20 to 79)","SH.STA.DIAB.ZS","","","","","","","","","","","","","","","","","","","","","","","","","","","","","","","","","","","","","","","","","","","","","","","","","","","","5.6","","","","","","","","","",
"Moldova","MDA","Diabetes prevalence (% of population ages 20 to 79)","SH.STA.DIAB.ZS","","","","","","","","","","","","","","","","","","","","","","","","","","","","","","","","","","","","","","","","","","","","","","","","","","","","2.7","","","","","","","","","",
"Madagascar","MDG","Diabetes prevalence (% of population ages 20 to 79)","SH.STA.DIAB.ZS","","","","","","","","","","","","","","","","","","","","","","","","","","","","","","","","","","","","","","","","","","","","","","","","","","","","4.7","","","","","","","","","",
"Maldives","MDV","Diabetes prevalence (% of population ages 20 to 79)","SH.STA.DIAB.ZS","","","","","","","","","","","","","","","","","","","","","","","","","","","","","","","","","","","","","","","","","","","","","","","","","","","","9.2","","","","","","","","","",
"Middle East & North Africa","MEA","Diabetes prevalence (% of population ages 20 to 79)","SH.STA.DIAB.ZS","","","","","","","","","","","","","","","","","","","","","","","","","","","","","","","","","","","","","","","","","","","","","","","","","","","","12.2435092661844","","","","","","","","","",
"Mexico","MEX","Diabetes prevalence (% of population ages 20 to 79)","SH.STA.DIAB.ZS","","","","","","","","","","","","","","","","","","","","","","","","","","","","","","","","","","","","","","","","","14.2","","","","","","","","","","","15.6","","","","","","","","","",
"Marshall Islands","MHL","Diabetes prevalence (% of population ages 20 to 79)","SH.STA.DIAB.ZS","","","","","","","","","","","","","","","","","","","","","","","","","","","","","","","","","","","","","","","","","","","","","","","","","","","","21.8","","","","","","","","","",
"Middle income","MIC","Diabetes prevalence (% of population ages 20 to 79)","SH.STA.DIAB.ZS","","","","","","","","","","","","","","","","","","","","","","","","","","","","","","","","","","","","","","","","","","","","","","","","","","","","8.47531175176052","","","","","","","","","",
"North Macedonia","MKD","Diabetes prevalence (% of population ages 20 to 79)","SH.STA.DIAB.ZS","","","","","","","","","","","","","","","","","","","","","","","","","","","","","","","","","","","","","","","","","","","","","","","","","","","","7.7","","","","","","","","","",
"Mali","MLI","Diabetes prevalence (% of population ages 20 to 79)","SH.STA.DIAB.ZS","","","","","","","","","","","","","","","","","","","","","","","","","","","","","","","","","","","","","","","","","","","","","","","","","","","","1.9","","","","","","","","","",
"Malta","MLT","Diabetes prevalence (% of population ages 20 to 79)","SH.STA.DIAB.ZS","","","","","","","","","","","","","","","","","","","","","","","","","","","","","","","","","","","","","","","","","","","","","","","","","","","","6.6","","","","","","","","","",
"Myanmar","MMR","Diabetes prevalence (% of population ages 20 to 79)","SH.STA.DIAB.ZS","","","","","","","","","","","","","","","","","","","","","","","","","","","","","","","","","","","","","","","","","","","","","","","","","","","","7.1","","","","","","","","","",
"Middle East & North Africa (excluding high income)","MNA","Diabetes prevalence (% of population ages 20 to 79)","SH.STA.DIAB.ZS","","","","","","","","","","","","","","","","","","","","","","","","","","","","","","","","","","","","","","","","","","","","","","","","","","","","11.3569430064239","","","","","","","","","",
"Montenegro","MNE","Diabetes prevalence (% of population ages 20 to 79)","SH.STA.DIAB.ZS","","","","","","","","","","","","","","","","","","","","","","","","","","","","","","","","","","","","","","","","","","","","","","","","","","","","7.7","","","","","","","","","",
"Mongolia","MNG","Diabetes prevalence (% of population ages 20 to 79)","SH.STA.DIAB.ZS","","","","","","","","","","","","","","","","","","","","","","","","","","","","","","","","","","","","","","","","","","","","","","","","","","","","7.1","","","","","","","","","",
"Northern Mariana Islands","MNP","Diabetes prevalence (% of population ages 20 to 79)","SH.STA.DIAB.ZS","","","","","","","","","","","","","","","","","","","","","","","","","","","","","","","","","","","","","","","","","","","","","","","","","","","","","","","","","","","","","",
"Mozambique","MOZ","Diabetes prevalence (% of population ages 20 to 79)","SH.STA.DIAB.ZS","","","","","","","","","","","","","","","","","","","","","","","","","","","","","","","","","","","","","","","","","","","","","","","","","","","","3.1","","","","","","","","","",
"Mauritania","MRT","Diabetes prevalence (% of population ages 20 to 79)","SH.STA.DIAB.ZS","","","","","","","","","","","","","","","","","","","","","","","","","","","","","","","","","","","","","","","","","","","","","","","","","","","","4.3","","","","","","","","","",
"Mauritius","MUS","Diabetes prevalence (% of population ages 20 to 79)","SH.STA.DIAB.ZS","","","","","","","","","","","","","","","","","","","","","","","","","","","","","","","","","","","","","","","","","15","","","","","","","","","","","14.8","","","","","","","","","",
"Malawi","MWI","Diabetes prevalence (% of population ages 20 to 79)","SH.STA.DIAB.ZS","","","","","","","","","","","","","","","","","","","","","","","","","","","","","","","","","","","","","","","","","","","","","","","","","","","","5.6","","","","","","","","","",
"Malaysia","MYS","Diabetes prevalence (% of population ages 20 to 79)","SH.STA.DIAB.ZS","","","","","","","","","","","","","","","","","","","","","","","","","","","","","","","","","","","","","","","","","","","","","","","","","","","","12.1","","","","","","","","","",
"North America","NAC","Diabetes prevalence (% of population ages 20 to 79)","SH.STA.DIAB.ZS","","","","","","","","","","","","","","","","","","","","","","","","","","","","","","","","","","","","","","","","","","","","","","","","","","","","9.29671329336856","","","","","","","","","",
"Namibia","NAM","Diabetes prevalence (% of population ages 20 to 79)","SH.STA.DIAB.ZS","","","","","","","","","","","","","","","","","","","","","","","","","","","","","","","","","","","","","","","","","","","","","","","","","","","","7.8","","","","","","","","","",
"New Caledonia","NCL","Diabetes prevalence (% of population ages 20 to 79)","SH.STA.DIAB.ZS","","","","","","","","","","","","","","","","","","","","","","","","","","","","","","","","","","","","","","","","","","","","","","","","","","","","8.6","","","","","","","","","",
"Niger","NER","Diabetes prevalence (% of population ages 20 to 79)","SH.STA.DIAB.ZS","","","","","","","","","","","","","","","","","","","","","","","","","","","","","","","","","","","","","","","","","","","","","","","","","","","","4.2","","","","","","","","","",
"Nigeria","NGA","Diabetes prevalence (% of population ages 20 to 79)","SH.STA.DIAB.ZS","","","","","","","","","","","","","","","","","","","","","","","","","","","","","","","","","","","","","","","","","","","","","","","","","","","","4.8","","","","","","","","","",
"Nicaragua","NIC","Diabetes prevalence (% of population ages 20 to 79)","SH.STA.DIAB.ZS","","","","","","","","","","","","","","","","","","","","","","","","","","","","","","","","","","","","","","","","","","","","","","","","","","","","11","","","","","","","","","",
"Netherlands","NLD","Diabetes prevalence (% of population ages 20 to 79)","SH.STA.DIAB.ZS","","","","","","","","","","","","","","","","","","","","","","","","","","","","","","","","","","","","","","","","","","","","","","","","","","","","5.3","","","","","","","","","",
"Norway","NOR","Diabetes prevalence (% of population ages 20 to 79)","SH.STA.DIAB.ZS","","","","","","","","","","","","","","","","","","","","","","","","","","","","","","","","","","","","","","","","","","","","","","","","","","","","4.7","","","","","","","","","",
"Nepal","NPL","Diabetes prevalence (% of population ages 20 to 79)","SH.STA.DIAB.ZS","","","","","","","","","","","","","","","","","","","","","","","","","","","","","","","","","","","","","","","","","","","","","","","","","","","","3.6","","","","","","","","","",
"Nauru","NRU","Diabetes prevalence (% of population ages 20 to 79)","SH.STA.DIAB.ZS","","","","","","","","","","","","","","","","","","","","","","","","","","","","","","","","","","","","","","","","","","","","","","","","","","","","20.4","","","","","","","","","",
"New Zealand","NZL","Diabetes prevalence (% of population ages 20 to 79)","SH.STA.DIAB.ZS","","","","","","","","","","","","","","","","","","","","","","","","","","","","","","","","","","","","","","","","","","","","","","","","","","","","8.6","","","","","","","","","",
"OECD members","OED","Diabetes prevalence (% of population ages 20 to 79)","SH.STA.DIAB.ZS","","","","","","","","","","","","","","","","","","","","","","","","","","","","","","","","","","","","","","","","","","","","","","","","","","","","8.08852911822298","","","","","","","","","",
"Oman","OMN","Diabetes prevalence (% of population ages 20 to 79)","SH.STA.DIAB.ZS","","","","","","","","","","","","","","","","","","","","","","","","","","","","","","","","","","","","","","","","","","","","","","","","","","","","10.5","","","","","","","","","",
"Other small states","OSS","Diabetes prevalence (% of population ages 20 to 79)","SH.STA.DIAB.ZS","","","","","","","","","","","","","","","","","","","","","","","","","","","","","","","","","","","","","","","","","","","","","","","","","","","","9.03314520022635","","","","","","","","","",
"Pakistan","PAK","Diabetes prevalence (% of population ages 20 to 79)","SH.STA.DIAB.ZS","","","","","","","","","","","","","","","","","","","","","","","","","","","","","","","","","","","","","","","","","11.8","","","","","","","","","","","7.9","","","","","","","","","",
"Panama","PAN","Diabetes prevalence (% of population ages 20 to 79)","SH.STA.DIAB.ZS","","","","","","","","","","","","","","","","","","","","","","","","","","","","","","","","","","","","","","","","","","","","","","","","","","","","9.4","","","","","","","","","",
"Peru","PER","Diabetes prevalence (% of population ages 20 to 79)","SH.STA.DIAB.ZS","","","","","","","","","","","","","","","","","","","","","","","","","","","","","","","","","","","","","","","","","","","","","","","","","","","","6","","","","","","","","","",
"Philippines","PHL","Diabetes prevalence (% of population ages 20 to 79)","SH.STA.DIAB.ZS","","","","","","","","","","","","","","","","","","","","","","","","","","","","","","","","","","","","","","","","","","","","","","","","","","","","9.7","","","","","","","","","",
"Palau","PLW","Diabetes prevalence (% of population ages 20 to 79)","SH.STA.DIAB.ZS","","","","","","","","","","","","","","","","","","","","","","","","","","","","","","","","","","","","","","","","","","","","","","","","","","","","11.1","","","","","","","","","",
"Papua New Guinea","PNG","Diabetes prevalence (% of population ages 20 to 79)","SH.STA.DIAB.ZS","","","","","","","","","","","","","","","","","","","","","","","","","","","","","","","","","","","","","","","","","15.5","","","","","","","","","","","7.6","","","","","","","","","",
"Poland","POL","Diabetes prevalence (% of population ages 20 to 79)","SH.STA.DIAB.ZS","","","","","","","","","","","","","","","","","","","","","","","","","","","","","","","","","","","","","","","","","","","","","","","","","","","","9","","","","","","","","","",
"Pre-demographic dividend","PRE","Diabetes prevalence (% of population ages 20 to 79)","SH.STA.DIAB.ZS","","","","","","","","","","","","","","","","","","","","","","","","","","","","","","","","","","","","","","","","","","","","","","","","","","","","4.60667903046978","","","","","","","","","",
"Puerto Rico","PRI","Diabetes prevalence (% of population ages 20 to 79)","SH.STA.DIAB.ZS","","","","","","","","","","","","","","","","","","","","","","","","","","","","","","","","","","","","","","","","","","","","","","","","","","","","13","","","","","","","","","",
"Korea, Dem. People's Rep.","PRK","Diabetes prevalence (% of population ages 20 to 79)","SH.STA.DIAB.ZS","","","","","","","","","","","","","","","","","","","","","","","","","","","","","","","","","","","","","","","","","","","","","","","","","","","","8.4","","","","","","","","","",
"Portugal","PRT","Diabetes prevalence (% of population ages 20 to 79)","SH.STA.DIAB.ZS","","","","","","","","","","","","","","","","","","","","","","","","","","","","","","","","","","","","","","","","","","","","","","","","","","","","9.6","","","","","","","","","",
"Paraguay","PRY","Diabetes prevalence (% of population ages 20 to 79)","SH.STA.DIAB.ZS","","","","","","","","","","","","","","","","","","","","","","","","","","","","","","","","","","","","","","","","","","","","","","","","","","","","6.5","","","","","","","","","",
"West Bank and Gaza","PSE","Diabetes prevalence (% of population ages 20 to 79)","SH.STA.DIAB.ZS","","","","","","","","","","","","","","","","","","","","","","","","","","","","","","","","","","","","","","","","","","","","","","","","","","","","9.2","","","","","","","","","",
"Pacific island small states","PSS","Diabetes prevalence (% of population ages 20 to 79)","SH.STA.DIAB.ZS","","","","","","","","","","","","","","","","","","","","","","","","","","","","","","","","","","","","","","","","","","","","","","","","","","","","13.2037391430567","","","","","","","","","",
"Post-demographic dividend","PST","Diabetes prevalence (% of population ages 20 to 79)","SH.STA.DIAB.ZS","","","","","","","","","","","","","","","","","","","","","","","","","","","","","","","","","","","","","","","","","","","","","","","","","","","","7.08820546825066","","","","","","","","","",
"French Polynesia","PYF","Diabetes prevalence (% of population ages 20 to 79)","SH.STA.DIAB.ZS","","","","","","","","","","","","","","","","","","","","","","","","","","","","","","","","","","","","","","","","","","","","","","","","","","","","8.6","","","","","","","","","",
"Qatar","QAT","Diabetes prevalence (% of population ages 20 to 79)","SH.STA.DIAB.ZS","","","","","","","","","","","","","","","","","","","","","","","","","","","","","","","","","","","","","","","","","","","","","","","","","","","","19.8","","","","","","","","","",
"Romania","ROU","Diabetes prevalence (% of population ages 20 to 79)","SH.STA.DIAB.ZS","","","","","","","","","","","","","","","","","","","","","","","","","","","","","","","","","","","","","","","","","","","","","","","","","","","","7.7","","","","","","","","","",
"Russian Federation","RUS","Diabetes prevalence (% of population ages 20 to 79)","SH.STA.DIAB.ZS","","","","","","","","","","","","","","","","","","","","","","","","","","","","","","","","","","","","","","","","","","","","","","","","","","","","9.7","","","","","","","","","",
"Rwanda","RWA","Diabetes prevalence (% of population ages 20 to 79)","SH.STA.DIAB.ZS","","","","","","","","","","","","","","","","","","","","","","","","","","","","","","","","","","","","","","","","","","","","","","","","","","","","3.1","","","","","","","","","",
"South Asia","SAS","Diabetes prevalence (% of population ages 20 to 79)","SH.STA.DIAB.ZS","","","","","","","","","","","","","","","","","","","","","","","","","","","","","","","","","","","","","","","","","","","","","","","","","","","","8.90055649705066","","","","","","","","","",
"Saudi Arabia","SAU","Diabetes prevalence (% of population ages 20 to 79)","SH.STA.DIAB.ZS","","","","","","","","","","","","","","","","","","","","","","","","","","","","","","","","","","","","","","","","","","","","","","","","","","","","19.6","","","","","","","","","",
"Sudan","SDN","Diabetes prevalence (% of population ages 20 to 79)","SH.STA.DIAB.ZS","","","","","","","","","","","","","","","","","","","","","","","","","","","","","","","","","","","","","","","","","","","","","","","","","","","","8.6","","","","","","","","","",
"Senegal","SEN","Diabetes prevalence (% of population ages 20 to 79)","SH.STA.DIAB.ZS","","","","","","","","","","","","","","","","","","","","","","","","","","","","","","","","","","","","","","","","","","","","","","","","","","","","3.2","","","","","","","","","",
"Singapore","SGP","Diabetes prevalence (% of population ages 20 to 79)","SH.STA.DIAB.ZS","","","","","","","","","","","","","","","","","","","","","","","","","","","","","","","","","","","","","","","","","","","","","","","","","","","","9.5","","","","","","","","","",
"Solomon Islands","SLB","Diabetes prevalence (% of population ages 20 to 79)","SH.STA.DIAB.ZS","","","","","","","","","","","","","","","","","","","","","","","","","","","","","","","","","","","","","","","","","","","","","","","","","","","","15.3","","","","","","","","","",
"Sierra Leone","SLE","Diabetes prevalence (% of population ages 20 to 79)","SH.STA.DIAB.ZS","","","","","","","","","","","","","","","","","","","","","","","","","","","","","","","","","","","","","","","","","","","","","","","","","","","","3.2","","","","","","","","","",
"El Salvador","SLV","Diabetes prevalence (% of population ages 20 to 79)","SH.STA.DIAB.ZS","","","","","","","","","","","","","","","","","","","","","","","","","","","","","","","","","","","","","","","","","","","","","","","","","","","","9.4","","","","","","","","","",
"San Marino","SMR","Diabetes prevalence (% of population ages 20 to 79)","SH.STA.DIAB.ZS","","","","","","","","","","","","","","","","","","","","","","","","","","","","","","","","","","","","","","","","","","","","","","","","","","","","5.5","","","","","","","","","",
"Somalia","SOM","Diabetes prevalence (% of population ages 20 to 79)","SH.STA.DIAB.ZS","","","","","","","","","","","","","","","","","","","","","","","","","","","","","","","","","","","","","","","","","","","","","","","","","","","","4.3","","","","","","","","","",
"Serbia","SRB","Diabetes prevalence (% of population ages 20 to 79)","SH.STA.DIAB.ZS","","","","","","","","","","","","","","","","","","","","","","","","","","","","","","","","","","","","","","","","","","","","","","","","","","","","7.7","","","","","","","","","",
"Sub-Saharan Africa (excluding high income)","SSA","Diabetes prevalence (% of population ages 20 to 79)","SH.STA.DIAB.ZS","","","","","","","","","","","","","","","","","","","","","","","","","","","","","","","","","","","","","","","","","","","","","","","","","","","","4.52489523896329","","","","","","","","","",
"South Sudan","SSD","Diabetes prevalence (% of population ages 20 to 79)","SH.STA.DIAB.ZS","","","","","","","","","","","","","","","","","","","","","","","","","","","","","","","","","","","","","","","","","","","","","","","","","","","","","","","","","","","","","",
"Sub-Saharan Africa","SSF","Diabetes prevalence (% of population ages 20 to 79)","SH.STA.DIAB.ZS","","","","","","","","","","","","","","","","","","","","","","","","","","","","","","","","","","","","","","","","","","","","","","","","","","","","4.52592333776732","","","","","","","","","",
"Small states","SST","Diabetes prevalence (% of population ages 20 to 79)","SH.STA.DIAB.ZS","","","","","","","","","","","","","","","","","","","","","","","","","","","","","","","","","","","","","","","","","","","","","","","","","","","","10.2749093870643","","","","","","","","","",
"Sao Tome and Principe","STP","Diabetes prevalence (% of population ages 20 to 79)","SH.STA.DIAB.ZS","","","","","","","","","","","","","","","","","","","","","","","","","","","","","","","","","","","","","","","","","","","","","","","","","","","","5.5","","","","","","","","","",
"Suriname","SUR","Diabetes prevalence (% of population ages 20 to 79)","SH.STA.DIAB.ZS","","","","","","","","","","","","","","","","","","","","","","","","","","","","","","","","","","","","","","","","","","","","","","","","","","","","8.9","","","","","","","","","",
"Slovak Republic","SVK","Diabetes prevalence (% of population ages 20 to 79)","SH.STA.DIAB.ZS","","","","","","","","","","","","","","","","","","","","","","","","","","","","","","","","","","","","","","","","","","","","","","","","","","","","5.7","","","","","","","","","",
"Slovenia","SVN","Diabetes prevalence (% of population ages 20 to 79)","SH.STA.DIAB.ZS","","","","","","","","","","","","","","","","","","","","","","","","","","","","","","","","","","","","","","","","","","","","","","","","","","","","7.5","","","","","","","","","",
"Sweden","SWE","Diabetes prevalence (% of population ages 20 to 79)","SH.STA.DIAB.ZS","","","","","","","","","","","","","","","","","","","","","","","","","","","","","","","","","","","","","","","","","","","","","","","","","","","","4.2","","","","","","","","","",
"Eswatini","SWZ","Diabetes prevalence (% of population ages 20 to 79)","SH.STA.DIAB.ZS","","","","","","","","","","","","","","","","","","","","","","","","","","","","","","","","","","","","","","","","","","","","","","","","","","","","3.1","","","","","","","","","",
"Sint Maarten (Dutch part)","SXM","Diabetes prevalence (% of population ages 20 to 79)","SH.STA.DIAB.ZS","","","","","","","","","","","","","","","","","","","","","","","","","","","","","","","","","","","","","","","","","","","","","","","","","","","","","","","","","","","","","",
"Seychelles","SYC","Diabetes prevalence (% of population ages 20 to 79)","SH.STA.DIAB.ZS","","","","","","","","","","","","","","","","","","","","","","","","","","","","","","","","","","","","","","","","","","","","","","","","","","","","12.1","","","","","","","","","",
"Syrian Arab Republic","SYR","Diabetes prevalence (% of population ages 20 to 79)","SH.STA.DIAB.ZS","","","","","","","","","","","","","","","","","","","","","","","","","","","","","","","","","","","","","","","","","","","","","","","","","","","","9.9","","","","","","","","","",
"Turks and Caicos Islands","TCA","Diabetes prevalence (% of population ages 20 to 79)","SH.STA.DIAB.ZS","","","","","","","","","","","","","","","","","","","","","","","","","","","","","","","","","","","","","","","","","","","","","","","","","","","","","","","","","","","","","",
"Chad","TCD","Diabetes prevalence (% of population ages 20 to 79)","SH.STA.DIAB.ZS","","","","","","","","","","","","","","","","","","","","","","","","","","","","","","","","","","","","","","","","","","","","","","","","","","","","3.9","","","","","","","","","",
"East Asia & Pacific (IDA & IBRD countries)","TEA","Diabetes prevalence (% of population ages 20 to 79)","SH.STA.DIAB.ZS","","","","","","","","","","","","","","","","","","","","","","","","","","","","","","","","","","","","","","","","","","","","","","","","","","","","8.0713573742299","","","","","","","","","",
"Europe & Central Asia (IDA & IBRD countries)","TEC","Diabetes prevalence (% of population ages 20 to 79)","SH.STA.DIAB.ZS","","","","","","","","","","","","","","","","","","","","","","","","","","","","","","","","","","","","","","","","","","","","","","","","","","","","7.60140594298543","","","","","","","","","",
"Togo","TGO","Diabetes prevalence (% of population ages 20 to 79)","SH.STA.DIAB.ZS","","","","","","","","","","","","","","","","","","","","","","","","","","","","","","","","","","","","","","","","","","","","","","","","","","","","3.3","","","","","","","","","",
"Thailand","THA","Diabetes prevalence (% of population ages 20 to 79)","SH.STA.DIAB.ZS","","","","","","","","","","","","","","","","","","","","","","","","","","","","","","","","","","","","","","","","","","","","","","","","","","","","7.5","","","","","","","","","",
"Tajikistan","TJK","Diabetes prevalence (% of population ages 20 to 79)","SH.STA.DIAB.ZS","","","","","","","","","","","","","","","","","","","","","","","","","","","","","","","","","","","","","","","","","","","","","","","","","","","","6.3","","","","","","","","","",
"Turkmenistan","TKM","Diabetes prevalence (% of population ages 20 to 79)","SH.STA.DIAB.ZS","","","","","","","","","","","","","","","","","","","","","","","","","","","","","","","","","","","","","","","","","","","","","","","","","","","","2.7","","","","","","","","","",
"Latin America & the Caribbean (IDA & IBRD countries)","TLA","Diabetes prevalence (% of population ages 20 to 79)","SH.STA.DIAB.ZS","","","","","","","","","","","","","","","","","","","","","","","","","","","","","","","","","","","","","","","","","","","","","","","","","","","","10.2812645676231","","","","","","","","","",
"Timor-Leste","TLS","Diabetes prevalence (% of population ages 20 to 79)","SH.STA.DIAB.ZS","","","","","","","","","","","","","","","","","","","","","","","","","","","","","","","","","","","","","","","","","","","","","","","","","","","","7.5","","","","","","","","","",
"Middle East & North Africa (IDA & IBRD countries)","TMN","Diabetes prevalence (% of population ages 20 to 79)","SH.STA.DIAB.ZS","","","","","","","","","","","","","","","","","","","","","","","","","","","","","","","","","","","","","","","","","","","","","","","","","","","","11.3780471175669","","","","","","","","","",
"Tonga","TON","Diabetes prevalence (% of population ages 20 to 79)","SH.STA.DIAB.ZS","","","","","","","","","","","","","","","","","","","","","","","","","","","","","","","","","","","","","","","","","11.5","","","","","","","","","","","12.7","","","","","","","","","",
"South Asia (IDA & IBRD)","TSA","Diabetes prevalence (% of population ages 20 to 79)","SH.STA.DIAB.ZS","","","","","","","","","","","","","","","","","","","","","","","","","","","","","","","","","","","","","","","","","","","","","","","","","","","","8.90055649705066","","","","","","","","","",
"Sub-Saharan Africa (IDA & IBRD countries)","TSS","Diabetes prevalence (% of population ages 20 to 79)","SH.STA.DIAB.ZS","","","","","","","","","","","","","","","","","","","","","","","","","","","","","","","","","","","","","","","","","","","","","","","","","","","","4.52592333776732","","","","","","","","","",
"Trinidad and Tobago","TTO","Diabetes prevalence (% of population ages 20 to 79)","SH.STA.DIAB.ZS","","","","","","","","","","","","","","","","","","","","","","","","","","","","","","","","","","","","","","","","","14.1","","","","","","","","","","","12.7","","","","","","","","","",
"Tunisia","TUN","Diabetes prevalence (% of population ages 20 to 79)","SH.STA.DIAB.ZS","","","","","","","","","","","","","","","","","","","","","","","","","","","","","","","","","","","","","","","","","","","","","","","","","","","","9.5","","","","","","","","","",
"Turkey","TUR","Diabetes prevalence (% of population ages 20 to 79)","SH.STA.DIAB.ZS","","","","","","","","","","","","","","","","","","","","","","","","","","","","","","","","","","","","","","","","","","","","","","","","","","","","7.9","","","","","","","","","",
"Tuvalu","TUV","Diabetes prevalence (% of population ages 20 to 79)","SH.STA.DIAB.ZS","","","","","","","","","","","","","","","","","","","","","","","","","","","","","","","","","","","","","","","","","","","","","","","","","","","","19.2","","","","","","","","","",
"Tanzania","TZA","Diabetes prevalence (% of population ages 20 to 79)","SH.STA.DIAB.ZS","","","","","","","","","","","","","","","","","","","","","","","","","","","","","","","","","","","","","","","","","","","","","","","","","","","","2.8","","","","","","","","","",
"Uganda","UGA","Diabetes prevalence (% of population ages 20 to 79)","SH.STA.DIAB.ZS","","","","","","","","","","","","","","","","","","","","","","","","","","","","","","","","","","","","","","","","","","","","","","","","","","","","2.8","","","","","","","","","",
"Ukraine","UKR","Diabetes prevalence (% of population ages 20 to 79)","SH.STA.DIAB.ZS","","","","","","","","","","","","","","","","","","","","","","","","","","","","","","","","","","","","","","","","","","","","","","","","","","","","2.9","","","","","","","","","",
"Upper middle income","UMC","Diabetes prevalence (% of population ages 20 to 79)","SH.STA.DIAB.ZS","","","","","","","","","","","","","","","","","","","","","","","","","","","","","","","","","","","","","","","","","","","","","","","","","","","","9.08443811672709","","","","","","","","","",
"Uruguay","URY","Diabetes prevalence (% of population ages 20 to 79)","SH.STA.DIAB.ZS","","","","","","","","","","","","","","","","","","","","","","","","","","","","","","","","","","","","","","","","","","","","","","","","","","","","5.7","","","","","","","","","",
"United States","USA","Diabetes prevalence (% of population ages 20 to 79)","SH.STA.DIAB.ZS","","","","","","","","","","","","","","","","","","","","","","","","","","","","","","","","","","","","","","","","","","","","","","","","","","","","9.4","","","","","","","","","",
"Uzbekistan","UZB","Diabetes prevalence (% of population ages 20 to 79)","SH.STA.DIAB.ZS","","","","","","","","","","","","","","","","","","","","","","","","","","","","","","","","","","","","","","","","","","","","","","","","","","","","6.4","","","","","","","","","",
"St. Vincent and the Grenadines","VCT","Diabetes prevalence (% of population ages 20 to 79)","SH.STA.DIAB.ZS","","","","","","","","","","","","","","","","","","","","","","","","","","","","","","","","","","","","","","","","","","","","","","","","","","","","8.8","","","","","","","","","",
"Venezuela, RB","VEN","Diabetes prevalence (% of population ages 20 to 79)","SH.STA.DIAB.ZS","","","","","","","","","","","","","","","","","","","","","","","","","","","","","","","","","","","","","","","","","","","","","","","","","","","","10.2","","","","","","","","","",
"British Virgin Islands","VGB","Diabetes prevalence (% of population ages 20 to 79)","SH.STA.DIAB.ZS","","","","","","","","","","","","","","","","","","","","","","","","","","","","","","","","","","","","","","","","","12.1","","","","","","","","","","","8.6","","","","","","","","","",
"Virgin Islands (U.S.)","VIR","Diabetes prevalence (% of population ages 20 to 79)","SH.STA.DIAB.ZS","","","","","","","","","","","","","","","","","","","","","","","","","","","","","","","","","","","","","","","","","","","","","","","","","","","","12.1","","","","","","","","","",
"Vietnam","VNM","Diabetes prevalence (% of population ages 20 to 79)","SH.STA.DIAB.ZS","","","","","","","","","","","","","","","","","","","","","","","","","","","","","","","","","","","","","","","","","","","","","","","","","","","","3.2","","","","","","","","","",
"Vanuatu","VUT","Diabetes prevalence (% of population ages 20 to 79)","SH.STA.DIAB.ZS","","","","","","","","","","","","","","","","","","","","","","","","","","","","","","","","","","","","","","","","","","","","","","","","","","","","16.1","","","","","","","","","",
"World","WLD","Diabetes prevalence (% of population ages 20 to 79)","SH.STA.DIAB.ZS","","","","","","","","","","","","","","","","","","","","","","","","","","","","","","","","","","","","","","","","","","","","","","","","","","","","8.15635518577569","","","","","","","","","",
"Samoa","WSM","Diabetes prevalence (% of population ages 20 to 79)","SH.STA.DIAB.ZS","","","","","","","","","","","","","","","","","","","","","","","","","","","","","","","","","","","","","","","","","","","","","","","","","","","","7.7","","","","","","","","","",
"Kosovo","XKX","Diabetes prevalence (% of population ages 20 to 79)","SH.STA.DIAB.ZS","","","","","","","","","","","","","","","","","","","","","","","","","","","","","","","","","","","","","","","","","","","","","","","","","","","","","","","","","","","","","",
"Yemen, Rep.","YEM","Diabetes prevalence (% of population ages 20 to 79)","SH.STA.DIAB.ZS","","","","","","","","","","","","","","","","","","","","","","","","","","","","","","","","","","","","","","","","","","","","","","","","","","","","9.6","","","","","","","","","",
"South Africa","ZAF","Diabetes prevalence (% of population ages 20 to 79)","SH.STA.DIAB.ZS","","","","","","","","","","","","","","","","","","","","","","","","","","","","","","","","","","","","","","","","","","","","","","","","","","","","7","","","","","","","","","",
"Zambia","ZMB","Diabetes prevalence (% of population ages 20 to 79)","SH.STA.DIAB.ZS","","","","","","","","","","","","","","","","","","","","","","","","","","","","","","","","","","","","","","","","","","","","","","","","","","","","4.8","","","","","","","","","",
"Zimbabwe","ZWE","Diabetes prevalence (% of population ages 20 to 79)","SH.STA.DIAB.ZS","","","","","","","","","","","","","","","","","","","","","","","","","","","","","","","","","","","","","","","","","","","","","","","","","","","","9.8","","","","","","","","","",
